Return ID,Product ID,Return Reason,Return Date,Processing Time
5001,1365,Changed Mind,2024-07-30 01:40:55.839941,2
5002,1326,Changed Mind,2024-08-16 01:40:55.839951,5
5003,1420,Defective,2024-07-27 01:40:55.839956,2
5004,1194,Damaged Packaging,2024-07-20 01:40:55.839960,2
5005,1236,Damaged Packaging,2024-07-23 01:40:55.839964,2
5006,1407,Wrong Item,2024-07-28 01:40:55.839968,5
5007,1459,Defective,2024-07-29 01:40:55.839972,7
5008,1189,Defective,2024-07-28 01:40:55.839976,8
5009,1095,Changed Mind,2024-07-24 01:40:55.839979,1
5010,1380,Changed Mind,2024-07-26 01:40:55.839983,5
5011,1181,Damaged Packaging,2024-07-24 01:40:55.839987,2
5012,1081,Defective,2024-08-01 01:40:55.839991,8
5013,1200,Defective,2024-08-01 01:40:55.839995,2
5014,1079,Defective,2024-07-24 01:40:55.839998,1
5015,1103,Defective,2024-08-04 01:40:55.840002,2
5016,1432,Damaged Packaging,2024-08-13 01:40:55.840006,2
5017,1010,Changed Mind,2024-07-31 01:40:55.840010,7
5018,1450,Changed Mind,2024-08-04 01:40:55.840015,8
5019,1161,Wrong Item,2024-07-24 01:40:55.840019,6
5020,1329,Defective,2024-08-03 01:40:55.840023,6
5021,1355,Defective,2024-07-19 01:40:55.840027,8
5022,1178,Changed Mind,2024-07-30 01:40:55.840031,5
5023,1328,Damaged Packaging,2024-07-22 01:40:55.840034,3
5024,1124,Defective,2024-07-19 01:40:55.840038,2
5025,1080,Defective,2024-08-15 01:40:55.840042,2
5026,1319,Wrong Item,2024-08-06 01:40:55.840046,4
5027,1341,Changed Mind,2024-08-10 01:40:55.840051,4
5028,1233,Defective,2024-07-20 01:40:55.840055,3
5029,1069,Changed Mind,2024-08-06 01:40:55.840059,8
5030,1241,Wrong Item,2024-07-20 01:40:55.840062,8
5031,1412,Defective,2024-07-28 01:40:55.840066,5
5032,1144,Defective,2024-07-20 01:40:55.840070,7
5033,1481,Wrong Item,2024-08-04 01:40:55.840074,5
5034,1064,Changed Mind,2024-07-25 01:40:55.840077,9
5035,1113,Wrong Item,2024-07-18 01:40:55.840081,9
5036,1338,Wrong Item,2024-08-06 01:40:55.840085,7
5037,1498,Damaged Packaging,2024-08-09 01:40:55.840089,7
5038,1443,Damaged Packaging,2024-08-04 01:40:55.840092,1
5039,1113,Wrong Item,2024-08-05 01:40:55.840096,5
5040,1309,Damaged Packaging,2024-07-26 01:40:55.840100,4
5041,1003,Damaged Packaging,2024-08-01 01:40:55.840103,4
5042,1338,Wrong Item,2024-08-04 01:40:55.840107,8
5043,1395,Changed Mind,2024-07-30 01:40:55.840111,9
5044,1460,Wrong Item,2024-07-31 01:40:55.840115,9
5045,1054,Changed Mind,2024-08-05 01:40:55.840118,6
5046,1167,Changed Mind,2024-07-18 01:40:55.840122,6
5047,1348,Wrong Item,2024-07-26 01:40:55.840126,1
5048,1009,Wrong Item,2024-07-30 01:40:55.840129,1
5049,1270,Wrong Item,2024-07-18 01:40:55.840133,1
5050,1493,Defective,2024-07-27 01:40:55.840137,4
5051,1460,Changed Mind,2024-07-23 01:40:55.840141,8
5052,1031,Damaged Packaging,2024-08-02 01:40:55.840144,1
5053,1432,Wrong Item,2024-08-01 01:40:55.840148,8
5054,1001,Defective,2024-08-15 01:40:55.840152,9
5055,1236,Wrong Item,2024-08-04 01:40:55.840156,6
5056,1071,Wrong Item,2024-08-01 01:40:55.840159,2
5057,1294,Damaged Packaging,2024-08-15 01:40:55.840163,4
5058,1236,Defective,2024-07-26 01:40:55.840167,8
5059,1285,Damaged Packaging,2024-08-09 01:40:55.840171,8
5060,1066,Wrong Item,2024-07-27 01:40:55.840174,7
5061,1048,Changed Mind,2024-07-31 01:40:55.840178,7
5062,1480,Damaged Packaging,2024-07-21 01:40:55.840182,4
5063,1174,Changed Mind,2024-07-22 01:40:55.840185,8
5064,1185,Wrong Item,2024-07-24 01:40:55.840189,5
5065,1007,Defective,2024-07-26 01:40:55.840193,5
5066,1030,Defective,2024-07-25 01:40:55.840197,2
5067,1132,Changed Mind,2024-08-07 01:40:55.840201,3
5068,1085,Damaged Packaging,2024-08-05 01:40:55.840205,2
5069,1123,Damaged Packaging,2024-08-06 01:40:55.840209,1
5070,1326,Changed Mind,2024-07-23 01:40:55.840212,6
5071,1022,Changed Mind,2024-08-16 01:40:55.840216,8
5072,1166,Changed Mind,2024-08-05 01:40:55.840220,1
5073,1172,Damaged Packaging,2024-08-16 01:40:55.840223,7
5074,1483,Wrong Item,2024-08-01 01:40:55.840227,1
5075,1429,Damaged Packaging,2024-07-30 01:40:55.840231,5
5076,1422,Wrong Item,2024-07-19 01:40:55.840234,5
5077,1295,Wrong Item,2024-08-13 01:40:55.840238,3
5078,1456,Changed Mind,2024-08-13 01:40:55.840242,4
5079,1127,Wrong Item,2024-08-02 01:40:55.840246,5
5080,1369,Wrong Item,2024-08-06 01:40:55.840250,2
5081,1121,Changed Mind,2024-07-29 01:40:55.840253,7
5082,1440,Defective,2024-08-10 01:40:55.840257,9
5083,1494,Wrong Item,2024-07-30 01:40:55.840261,6
5084,1422,Defective,2024-07-27 01:40:55.840264,8
5085,1073,Damaged Packaging,2024-07-18 01:40:55.840268,7
5086,1253,Defective,2024-07-22 01:40:55.840272,9
5087,1386,Defective,2024-07-22 01:40:55.840275,3
5088,1388,Wrong Item,2024-07-23 01:40:55.840279,8
5089,1081,Defective,2024-07-24 01:40:55.840283,3
5090,1061,Defective,2024-08-12 01:40:55.840286,5
5091,1435,Damaged Packaging,2024-07-29 01:40:55.840290,7
5092,1149,Wrong Item,2024-07-19 01:40:55.840294,8
5093,1328,Wrong Item,2024-08-16 01:40:55.840297,6
5094,1352,Damaged Packaging,2024-07-28 01:40:55.840301,2
5095,1365,Changed Mind,2024-07-23 01:40:55.840305,6
5096,1142,Wrong Item,2024-08-09 01:40:55.840309,9
5097,1423,Damaged Packaging,2024-08-09 01:40:55.840312,7
5098,1353,Wrong Item,2024-07-22 01:40:55.840316,4
5099,1250,Changed Mind,2024-08-10 01:40:55.840320,7
5100,1451,Changed Mind,2024-07-28 01:40:55.840323,9
5101,1025,Defective,2024-07-18 01:40:55.840327,7
5102,1243,Changed Mind,2024-08-06 01:40:55.840331,6
5103,1384,Damaged Packaging,2024-07-19 01:40:55.840335,3
5104,1292,Defective,2024-07-27 01:40:55.840338,4
5105,1341,Changed Mind,2024-07-26 01:40:55.840342,2
5106,1336,Defective,2024-07-31 01:40:55.840346,4
5107,1324,Damaged Packaging,2024-07-31 01:40:55.840349,6
5108,1076,Defective,2024-08-03 01:40:55.840353,5
5109,1494,Defective,2024-08-11 01:40:55.840357,9
5110,1155,Damaged Packaging,2024-08-05 01:40:55.840361,4
5111,1301,Wrong Item,2024-08-15 01:40:55.840365,4
5112,1014,Wrong Item,2024-07-18 01:40:55.840368,7
5113,1218,Changed Mind,2024-08-07 01:40:55.840372,3
5114,1010,Damaged Packaging,2024-07-26 01:40:55.840376,6
5115,1196,Damaged Packaging,2024-07-19 01:40:55.840379,1
5116,1154,Wrong Item,2024-07-31 01:40:55.840383,9
5117,1039,Damaged Packaging,2024-08-10 01:40:55.840387,4
5118,1358,Changed Mind,2024-08-03 01:40:55.840390,3
5119,1439,Changed Mind,2024-07-28 01:40:55.840394,3
5120,1015,Wrong Item,2024-07-21 01:40:55.840398,7
5121,1409,Damaged Packaging,2024-07-19 01:40:55.840401,6
5122,1081,Damaged Packaging,2024-08-12 01:40:55.840405,3
5123,1449,Damaged Packaging,2024-08-09 01:40:55.840409,9
5124,1277,Damaged Packaging,2024-08-07 01:40:55.840413,2
5125,1076,Wrong Item,2024-08-02 01:40:55.840416,7
5126,1391,Wrong Item,2024-07-30 01:40:55.840420,3
5127,1271,Defective,2024-08-09 01:40:55.840424,5
5128,1313,Wrong Item,2024-08-03 01:40:55.840427,9
5129,1275,Defective,2024-07-31 01:40:55.840431,5
5130,1349,Defective,2024-07-21 01:40:55.840435,8
5131,1225,Wrong Item,2024-08-04 01:40:55.840439,6
5132,1487,Wrong Item,2024-08-05 01:40:55.840443,2
5133,1151,Wrong Item,2024-08-16 01:40:55.840446,8
5134,1014,Wrong Item,2024-08-04 01:40:55.840450,3
5135,1444,Damaged Packaging,2024-07-20 01:40:55.840454,5
5136,1412,Damaged Packaging,2024-07-23 01:40:55.840457,7
5137,1162,Defective,2024-07-25 01:40:55.840461,6
5138,1127,Wrong Item,2024-08-08 01:40:55.840465,1
5139,1147,Changed Mind,2024-08-05 01:40:55.840468,6
5140,1152,Defective,2024-08-01 01:40:55.840472,1
5141,1023,Damaged Packaging,2024-07-19 01:40:55.840476,4
5142,1018,Wrong Item,2024-07-25 01:40:55.840479,2
5143,1240,Defective,2024-07-28 01:40:55.840483,9
5144,1377,Changed Mind,2024-08-03 01:40:55.840487,2
5145,1310,Defective,2024-07-27 01:40:55.840491,1
5146,1149,Damaged Packaging,2024-08-14 01:40:55.840494,5
5147,1448,Damaged Packaging,2024-07-28 01:40:55.840498,9
5148,1055,Defective,2024-08-10 01:40:55.840502,9
5149,1419,Damaged Packaging,2024-07-26 01:40:55.840505,9
5150,1483,Changed Mind,2024-08-06 01:40:55.840509,6
5151,1206,Defective,2024-07-27 01:40:55.840513,1
5152,1451,Defective,2024-08-01 01:40:55.840517,4
5153,1145,Damaged Packaging,2024-07-25 01:40:55.840521,3
5154,1369,Defective,2024-08-15 01:40:55.840524,2
5155,1184,Damaged Packaging,2024-07-29 01:40:55.840528,1
5156,1201,Defective,2024-07-24 01:40:55.840532,8
5157,1363,Changed Mind,2024-07-24 01:40:55.840535,9
5158,1057,Wrong Item,2024-08-10 01:40:55.840539,2
5159,1158,Changed Mind,2024-08-01 01:40:55.840543,2
5160,1280,Damaged Packaging,2024-08-07 01:40:55.840547,7
5161,1091,Wrong Item,2024-08-16 01:40:55.840550,6
5162,1348,Wrong Item,2024-08-15 01:40:55.840554,7
5163,1406,Damaged Packaging,2024-08-09 01:40:55.840557,1
5164,1348,Defective,2024-08-08 01:40:55.840561,5
5165,1297,Defective,2024-08-13 01:40:55.840565,5
5166,1485,Changed Mind,2024-08-03 01:40:55.840568,3
5167,1459,Damaged Packaging,2024-07-29 01:40:55.840572,1
5168,1075,Defective,2024-08-06 01:40:55.840576,4
5169,1190,Defective,2024-08-09 01:40:55.840579,6
5170,1243,Defective,2024-08-14 01:40:55.840583,6
5171,1026,Defective,2024-07-18 01:40:55.840587,6
5172,1478,Defective,2024-08-15 01:40:55.840591,8
5173,1058,Changed Mind,2024-08-09 01:40:55.840594,5
5174,1148,Defective,2024-07-25 01:40:55.840598,9
5175,1408,Wrong Item,2024-08-02 01:40:55.840602,2
5176,1088,Wrong Item,2024-08-09 01:40:55.840606,9
5177,1215,Defective,2024-08-09 01:40:55.840609,7
5178,1002,Wrong Item,2024-08-06 01:40:55.840613,7
5179,1191,Wrong Item,2024-08-01 01:40:55.840617,3
5180,1328,Changed Mind,2024-07-27 01:40:55.840620,8
5181,1069,Damaged Packaging,2024-07-27 01:40:55.840624,5
5182,1400,Defective,2024-08-08 01:40:55.840628,6
5183,1249,Changed Mind,2024-07-29 01:40:55.840631,1
5184,1331,Changed Mind,2024-07-30 01:40:55.840635,5
5185,1102,Damaged Packaging,2024-07-31 01:40:55.840639,8
5186,1027,Changed Mind,2024-08-06 01:40:55.840644,2
5187,1216,Defective,2024-08-06 01:40:55.840648,8
5188,1477,Defective,2024-07-21 01:40:55.840652,4
5189,1102,Defective,2024-08-11 01:40:55.840655,5
5190,1125,Wrong Item,2024-07-18 01:40:55.840659,7
5191,1149,Defective,2024-07-31 01:40:55.840663,7
5192,1408,Changed Mind,2024-08-04 01:40:55.840666,3
5193,1110,Damaged Packaging,2024-08-04 01:40:55.840670,7
5194,1274,Defective,2024-07-22 01:40:55.840674,4
5195,1062,Wrong Item,2024-07-28 01:40:55.840677,2
5196,1089,Defective,2024-08-06 01:40:55.840681,8
5197,1496,Changed Mind,2024-07-30 01:40:55.840685,7
5198,1033,Damaged Packaging,2024-07-28 01:40:55.840689,7
5199,1171,Damaged Packaging,2024-07-25 01:40:55.840692,7
5200,1401,Wrong Item,2024-08-16 01:40:55.840696,7
5201,1354,Changed Mind,2024-08-16 01:40:55.840700,5
5202,1297,Damaged Packaging,2024-07-28 01:40:55.840704,5
5203,1434,Damaged Packaging,2024-07-20 01:40:55.840707,6
5204,1136,Damaged Packaging,2024-07-25 01:40:55.840711,9
5205,1211,Changed Mind,2024-08-13 01:40:55.840715,5
5206,1393,Wrong Item,2024-07-22 01:40:55.840718,4
5207,1465,Changed Mind,2024-07-26 01:40:55.840722,8
5208,1002,Defective,2024-07-20 01:40:55.840726,6
5209,1147,Damaged Packaging,2024-07-18 01:40:55.840730,9
5210,1023,Damaged Packaging,2024-07-29 01:40:55.840733,3
5211,1035,Defective,2024-08-08 01:40:55.840737,2
5212,1125,Wrong Item,2024-07-24 01:40:55.840741,8
5213,1392,Wrong Item,2024-08-13 01:40:55.840744,1
5214,1246,Damaged Packaging,2024-07-20 01:40:55.840748,9
5215,1007,Changed Mind,2024-08-03 01:40:55.840752,2
5216,1238,Defective,2024-08-05 01:40:55.840755,2
5217,1225,Defective,2024-07-29 01:40:55.840759,3
5218,1447,Wrong Item,2024-08-11 01:40:55.840763,4
5219,1362,Wrong Item,2024-07-21 01:40:55.840767,2
5220,1462,Damaged Packaging,2024-08-14 01:40:55.840770,1
5221,1053,Damaged Packaging,2024-07-27 01:40:55.840774,6
5222,1138,Damaged Packaging,2024-08-12 01:40:55.840778,9
5223,1392,Defective,2024-08-03 01:40:55.840781,9
5224,1099,Changed Mind,2024-07-19 01:40:55.840785,5
5225,1492,Defective,2024-08-13 01:40:55.840789,8
5226,1305,Damaged Packaging,2024-08-15 01:40:55.840792,7
5227,1258,Wrong Item,2024-08-05 01:40:55.840796,6
5228,1061,Changed Mind,2024-07-21 01:40:55.840799,4
5229,1434,Wrong Item,2024-08-08 01:40:55.840803,5
5230,1101,Wrong Item,2024-08-14 01:40:55.840807,5
5231,1325,Defective,2024-07-26 01:40:55.840811,7
5232,1419,Defective,2024-08-03 01:40:55.840814,2
5233,1143,Damaged Packaging,2024-07-22 01:40:55.840818,5
5234,1128,Wrong Item,2024-08-11 01:40:55.840822,8
5235,1174,Damaged Packaging,2024-08-12 01:40:55.840826,1
5236,1430,Changed Mind,2024-07-30 01:40:55.840830,4
5237,1243,Wrong Item,2024-07-23 01:40:55.840834,9
5238,1288,Changed Mind,2024-08-01 01:40:55.840837,9
5239,1199,Defective,2024-07-30 01:40:55.840841,3
5240,1454,Wrong Item,2024-08-01 01:40:55.840845,6
5241,1432,Defective,2024-08-11 01:40:55.840848,9
5242,1160,Changed Mind,2024-07-28 01:40:55.840852,3
5243,1491,Damaged Packaging,2024-08-12 01:40:55.840856,7
5244,1211,Defective,2024-07-21 01:40:55.840859,4
5245,1154,Damaged Packaging,2024-08-01 01:40:55.840863,2
5246,1059,Changed Mind,2024-08-14 01:40:55.840867,8
5247,1428,Changed Mind,2024-08-04 01:40:55.840870,5
5248,1353,Damaged Packaging,2024-07-22 01:40:55.840874,9
5249,1272,Changed Mind,2024-08-05 01:40:55.840878,4
5250,1472,Damaged Packaging,2024-07-31 01:40:55.840881,3
5251,1244,Damaged Packaging,2024-08-11 01:40:55.840885,9
5252,1229,Damaged Packaging,2024-08-16 01:40:55.840889,7
5253,1179,Defective,2024-07-28 01:40:55.840892,4
5254,1142,Damaged Packaging,2024-08-05 01:40:55.840896,4
5255,1401,Damaged Packaging,2024-08-16 01:40:55.840900,1
5256,1263,Changed Mind,2024-08-16 01:40:55.840903,3
5257,1200,Wrong Item,2024-07-20 01:40:55.840907,9
5258,1214,Changed Mind,2024-07-22 01:40:55.840910,6
5259,1413,Defective,2024-08-10 01:40:55.840914,4
5260,1268,Changed Mind,2024-08-13 01:40:55.840918,2
5261,1399,Changed Mind,2024-08-10 01:40:55.840922,3
5262,1285,Wrong Item,2024-07-20 01:40:55.840934,5
5263,1439,Wrong Item,2024-08-16 01:40:55.840938,2
5264,1401,Changed Mind,2024-07-28 01:40:55.840942,2
5265,1300,Damaged Packaging,2024-07-29 01:40:55.840946,1
5266,1177,Defective,2024-08-02 01:40:55.840950,1
5267,1079,Wrong Item,2024-08-03 01:40:55.840953,6
5268,1008,Changed Mind,2024-08-14 01:40:55.840957,6
5269,1099,Damaged Packaging,2024-08-05 01:40:55.840961,1
5270,1325,Wrong Item,2024-08-07 01:40:55.840967,9
5271,1143,Defective,2024-08-07 01:40:55.840971,6
5272,1468,Defective,2024-08-11 01:40:55.840975,8
5273,1155,Changed Mind,2024-07-21 01:40:55.840979,4
5274,1001,Defective,2024-07-30 01:40:55.840982,5
5275,1243,Wrong Item,2024-07-19 01:40:55.840986,1
5276,1130,Defective,2024-07-31 01:40:55.840990,7
5277,1049,Damaged Packaging,2024-08-02 01:40:55.840993,6
5278,1136,Defective,2024-08-04 01:40:55.840997,8
5279,1132,Defective,2024-07-22 01:40:55.841001,8
5280,1260,Defective,2024-07-27 01:40:55.841005,5
5281,1153,Damaged Packaging,2024-07-27 01:40:55.841008,6
5282,1367,Damaged Packaging,2024-07-26 01:40:55.841012,8
5283,1437,Changed Mind,2024-07-27 01:40:55.841016,5
5284,1433,Changed Mind,2024-07-28 01:40:55.841020,1
5285,1249,Changed Mind,2024-08-14 01:40:55.841023,3
5286,1369,Damaged Packaging,2024-07-27 01:40:55.841027,1
5287,1096,Wrong Item,2024-07-30 01:40:55.841031,5
5288,1195,Damaged Packaging,2024-08-12 01:40:55.841034,1
5289,1256,Defective,2024-08-07 01:40:55.841038,6
5290,1250,Wrong Item,2024-08-12 01:40:55.841042,7
5291,1038,Defective,2024-07-20 01:40:55.841045,3
5292,1262,Wrong Item,2024-07-26 01:40:55.841049,9
5293,1282,Damaged Packaging,2024-07-28 01:40:55.841052,8
5294,1304,Defective,2024-07-18 01:40:55.841056,6
5295,1105,Wrong Item,2024-08-02 01:40:55.841068,6
5296,1441,Defective,2024-07-31 01:40:55.841072,8
5297,1347,Wrong Item,2024-07-29 01:40:55.841076,2
5298,1131,Changed Mind,2024-08-10 01:40:55.841080,2
5299,1163,Wrong Item,2024-08-13 01:40:55.841083,2
5300,1165,Damaged Packaging,2024-07-30 01:40:55.841087,3
5301,1490,Wrong Item,2024-08-07 01:40:55.841091,5
5302,1207,Wrong Item,2024-08-11 01:40:55.841095,3
5303,1194,Changed Mind,2024-07-18 01:40:55.841098,1
5304,1274,Wrong Item,2024-08-07 01:40:55.841102,1
5305,1329,Changed Mind,2024-07-29 01:40:55.841106,6
5306,1020,Damaged Packaging,2024-08-15 01:40:55.841109,9
5307,1125,Wrong Item,2024-08-12 01:40:55.841113,3
5308,1121,Damaged Packaging,2024-08-08 01:40:55.841117,5
5309,1141,Changed Mind,2024-08-05 01:40:55.841120,8
5310,1173,Changed Mind,2024-07-24 01:40:55.841124,7
5311,1089,Damaged Packaging,2024-08-11 01:40:55.841128,9
5312,1285,Defective,2024-07-23 01:40:55.841132,1
5313,1283,Defective,2024-07-22 01:40:55.841135,9
5314,1320,Changed Mind,2024-08-01 01:40:55.841139,7
5315,1090,Wrong Item,2024-07-21 01:40:55.841143,6
5316,1371,Changed Mind,2024-08-02 01:40:55.841147,2
5317,1076,Changed Mind,2024-07-24 01:40:55.841150,6
5318,1090,Defective,2024-08-07 01:40:55.841154,3
5319,1029,Changed Mind,2024-07-30 01:40:55.841158,7
5320,1283,Wrong Item,2024-08-06 01:40:55.841161,5
5321,1365,Changed Mind,2024-07-23 01:40:55.841165,4
5322,1353,Damaged Packaging,2024-07-21 01:40:55.841169,1
5323,1467,Defective,2024-07-23 01:40:55.841172,6
5324,1060,Defective,2024-08-12 01:40:55.841176,1
5325,1363,Damaged Packaging,2024-08-16 01:40:55.841180,8
5326,1298,Wrong Item,2024-07-19 01:40:55.841183,8
5327,1024,Damaged Packaging,2024-07-25 01:40:55.841187,9
5328,1241,Damaged Packaging,2024-07-20 01:40:55.841191,5
5329,1320,Defective,2024-08-02 01:40:55.841194,2
5330,1161,Wrong Item,2024-08-07 01:40:55.841198,3
5331,1023,Damaged Packaging,2024-07-30 01:40:55.841202,8
5332,1410,Wrong Item,2024-07-22 01:40:55.841206,1
5333,1327,Damaged Packaging,2024-08-16 01:40:55.841209,9
5334,1191,Wrong Item,2024-08-09 01:40:55.841213,9
5335,1153,Damaged Packaging,2024-08-08 01:40:55.841216,2
5336,1420,Damaged Packaging,2024-08-08 01:40:55.841220,4
5337,1084,Defective,2024-08-10 01:40:55.841224,5
5338,1140,Wrong Item,2024-07-25 01:40:55.841227,1
5339,1260,Defective,2024-08-15 01:40:55.841231,5
5340,1354,Damaged Packaging,2024-08-10 01:40:55.841235,3
5341,1392,Wrong Item,2024-07-26 01:40:55.841238,4
5342,1227,Wrong Item,2024-08-11 01:40:55.841242,5
5343,1311,Damaged Packaging,2024-07-21 01:40:55.841246,6
5344,1210,Changed Mind,2024-07-24 01:40:55.841249,1
5345,1054,Changed Mind,2024-07-19 01:40:55.841253,1
5346,1191,Changed Mind,2024-07-22 01:40:55.841257,8
5347,1031,Changed Mind,2024-07-21 01:40:55.841260,7
5348,1244,Wrong Item,2024-08-10 01:40:55.841264,2
5349,1421,Changed Mind,2024-07-31 01:40:55.841268,3
5350,1421,Wrong Item,2024-07-25 01:40:55.841271,5
5351,1235,Changed Mind,2024-08-01 01:40:55.841275,6
5352,1491,Damaged Packaging,2024-08-16 01:40:55.841279,4
5353,1286,Damaged Packaging,2024-08-01 01:40:55.841282,6
5354,1401,Wrong Item,2024-08-12 01:40:55.841289,7
5355,1066,Changed Mind,2024-07-25 01:40:55.841292,8
5356,1238,Damaged Packaging,2024-08-11 01:40:55.841296,5
5357,1144,Damaged Packaging,2024-08-16 01:40:55.841300,1
5358,1067,Damaged Packaging,2024-08-07 01:40:55.841303,2
5359,1338,Damaged Packaging,2024-07-27 01:40:55.841307,6
5360,1495,Damaged Packaging,2024-07-23 01:40:55.841311,8
5361,1034,Damaged Packaging,2024-07-28 01:40:55.841314,3
5362,1095,Changed Mind,2024-08-14 01:40:55.841318,2
5363,1243,Damaged Packaging,2024-07-20 01:40:55.841322,3
5364,1162,Defective,2024-07-28 01:40:55.841326,4
5365,1460,Defective,2024-08-06 01:40:55.841329,2
5366,1310,Changed Mind,2024-07-25 01:40:55.841333,7
5367,1409,Wrong Item,2024-08-02 01:40:55.841337,7
5368,1445,Damaged Packaging,2024-08-13 01:40:55.841340,4
5369,1010,Wrong Item,2024-08-04 01:40:55.841344,8
5370,1469,Wrong Item,2024-07-22 01:40:55.841347,2
5371,1485,Damaged Packaging,2024-07-24 01:40:55.841351,9
5372,1024,Damaged Packaging,2024-07-19 01:40:55.841355,5
5373,1034,Changed Mind,2024-08-16 01:40:55.841359,8
5374,1203,Changed Mind,2024-08-09 01:40:55.841362,1
5375,1436,Defective,2024-07-21 01:40:55.841366,1
5376,1044,Defective,2024-08-06 01:40:55.841369,2
5377,1148,Wrong Item,2024-08-12 01:40:55.841373,9
5378,1130,Defective,2024-07-31 01:40:55.841377,9
5379,1270,Wrong Item,2024-07-29 01:40:55.841380,4
5380,1084,Wrong Item,2024-08-07 01:40:55.841384,5
5381,1151,Wrong Item,2024-08-13 01:40:55.841388,5
5382,1235,Wrong Item,2024-08-09 01:40:55.841391,8
5383,1313,Changed Mind,2024-07-18 01:40:55.841395,6
5384,1350,Changed Mind,2024-07-25 01:40:55.841399,2
5385,1071,Wrong Item,2024-07-18 01:40:55.841402,7
5386,1232,Damaged Packaging,2024-08-07 01:40:55.841406,7
5387,1297,Defective,2024-07-24 01:40:55.841410,6
5388,1398,Damaged Packaging,2024-08-04 01:40:55.841413,7
5389,1011,Changed Mind,2024-08-12 01:40:55.841417,3
5390,1490,Damaged Packaging,2024-07-26 01:40:55.841421,8
5391,1209,Defective,2024-07-22 01:40:55.841424,9
5392,1337,Defective,2024-07-19 01:40:55.841428,6
5393,1203,Changed Mind,2024-08-08 01:40:55.841432,2
5394,1417,Wrong Item,2024-08-15 01:40:55.841435,8
5395,1180,Defective,2024-08-07 01:40:55.841439,5
5396,1418,Wrong Item,2024-08-16 01:40:55.841443,6
5397,1107,Damaged Packaging,2024-08-05 01:40:55.841446,3
5398,1434,Changed Mind,2024-08-09 01:40:55.841450,5
5399,1440,Changed Mind,2024-07-29 01:40:55.841454,5
5400,1405,Damaged Packaging,2024-08-01 01:40:55.841457,2
5401,1147,Wrong Item,2024-08-11 01:40:55.841461,9
5402,1141,Wrong Item,2024-07-31 01:40:55.841465,8
5403,1358,Defective,2024-08-05 01:40:55.841468,4
5404,1485,Changed Mind,2024-07-20 01:40:55.841472,6
5405,1381,Damaged Packaging,2024-08-09 01:40:55.841476,1
5406,1160,Changed Mind,2024-08-14 01:40:55.841480,6
5407,1076,Damaged Packaging,2024-07-24 01:40:55.841483,8
5408,1380,Defective,2024-07-27 01:40:55.841487,1
5409,1362,Damaged Packaging,2024-07-18 01:40:55.841491,3
5410,1059,Defective,2024-08-05 01:40:55.841494,8
5411,1156,Wrong Item,2024-08-12 01:40:55.841498,5
5412,1457,Changed Mind,2024-07-31 01:40:55.841502,7
5413,1496,Changed Mind,2024-08-08 01:40:55.841505,3
5414,1322,Changed Mind,2024-08-07 01:40:55.841509,4
5415,1394,Wrong Item,2024-07-29 01:40:55.841513,9
5416,1258,Changed Mind,2024-07-27 01:40:55.841516,4
5417,1123,Changed Mind,2024-08-02 01:40:55.841520,1
5418,1004,Damaged Packaging,2024-08-01 01:40:55.841524,9
5419,1399,Changed Mind,2024-07-30 01:40:55.841527,4
5420,1232,Changed Mind,2024-08-13 01:40:55.841531,3
5421,1120,Wrong Item,2024-07-30 01:40:55.841534,8
5422,1398,Changed Mind,2024-08-04 01:40:55.841538,9
5423,1015,Defective,2024-07-26 01:40:55.841542,3
5424,1058,Damaged Packaging,2024-07-30 01:40:55.841545,1
5425,1351,Damaged Packaging,2024-07-29 01:40:55.841549,1
5426,1297,Damaged Packaging,2024-07-20 01:40:55.841553,7
5427,1003,Wrong Item,2024-07-27 01:40:55.841556,2
5428,1033,Changed Mind,2024-08-04 01:40:55.841560,5
5429,1088,Defective,2024-08-02 01:40:55.841564,7
5430,1012,Damaged Packaging,2024-08-03 01:40:55.841567,2
5431,1233,Damaged Packaging,2024-08-05 01:40:55.841571,8
5432,1262,Changed Mind,2024-08-08 01:40:55.841575,5
5433,1245,Damaged Packaging,2024-07-31 01:40:55.841578,9
5434,1466,Changed Mind,2024-07-27 01:40:55.841582,9
5435,1110,Wrong Item,2024-07-25 01:40:55.841585,6
5436,1480,Damaged Packaging,2024-08-09 01:40:55.841589,4
5437,1484,Defective,2024-07-29 01:40:55.841593,4
5438,1309,Wrong Item,2024-07-18 01:40:55.841598,6
5439,1392,Damaged Packaging,2024-07-29 01:40:55.841602,4
5440,1302,Wrong Item,2024-08-10 01:40:55.841606,9
5441,1249,Defective,2024-07-22 01:40:55.841609,1
5442,1429,Changed Mind,2024-08-06 01:40:55.841613,4
5443,1050,Changed Mind,2024-08-15 01:40:55.841617,4
5444,1332,Wrong Item,2024-08-06 01:40:55.841620,8
5445,1372,Changed Mind,2024-07-23 01:40:55.841624,2
5446,1058,Damaged Packaging,2024-08-04 01:40:55.841628,4
5447,1200,Changed Mind,2024-08-14 01:40:55.841631,3
5448,1491,Damaged Packaging,2024-08-15 01:40:55.841635,2
5449,1041,Defective,2024-07-21 01:40:55.841638,5
5450,1184,Defective,2024-08-03 01:40:55.841642,8
5451,1053,Damaged Packaging,2024-08-13 01:40:55.841646,1
5452,1375,Damaged Packaging,2024-07-20 01:40:55.841649,5
5453,1421,Wrong Item,2024-08-11 01:40:55.841653,7
5454,1298,Damaged Packaging,2024-08-12 01:40:55.841657,8
5455,1175,Defective,2024-08-04 01:40:55.841660,1
5456,1456,Damaged Packaging,2024-07-21 01:40:55.841664,9
5457,1391,Wrong Item,2024-08-05 01:40:55.841668,8
5458,1207,Changed Mind,2024-08-06 01:40:55.841671,6
5459,1489,Wrong Item,2024-08-11 01:40:55.841675,1
5460,1349,Wrong Item,2024-07-25 01:40:55.841679,1
5461,1430,Damaged Packaging,2024-08-01 01:40:55.841682,4
5462,1322,Damaged Packaging,2024-08-08 01:40:55.841686,7
5463,1123,Defective,2024-08-16 01:40:55.841690,9
5464,1268,Defective,2024-08-03 01:40:55.841693,1
5465,1432,Wrong Item,2024-07-18 01:40:55.841697,3
5466,1049,Defective,2024-08-08 01:40:55.841701,1
5467,1323,Changed Mind,2024-08-10 01:40:55.841704,8
5468,1470,Changed Mind,2024-07-19 01:40:55.841708,5
5469,1102,Wrong Item,2024-07-24 01:40:55.841712,8
5470,1335,Changed Mind,2024-08-14 01:40:55.841715,3
5471,1357,Wrong Item,2024-08-05 01:40:55.841719,9
5472,1190,Changed Mind,2024-08-11 01:40:55.841723,4
5473,1086,Changed Mind,2024-07-28 01:40:55.841726,9
5474,1073,Changed Mind,2024-07-27 01:40:55.841730,8
5475,1473,Wrong Item,2024-07-20 01:40:55.841734,7
5476,1116,Defective,2024-08-05 01:40:55.841737,2
5477,1114,Wrong Item,2024-08-06 01:40:55.841741,1
5478,1490,Wrong Item,2024-08-10 01:40:55.841744,6
5479,1413,Wrong Item,2024-07-30 01:40:55.841748,5
5480,1358,Changed Mind,2024-07-21 01:40:55.841752,7
5481,1093,Damaged Packaging,2024-07-28 01:40:55.841755,7
5482,1126,Defective,2024-08-01 01:40:55.841759,7
5483,1232,Damaged Packaging,2024-07-25 01:40:55.841763,8
5484,1239,Damaged Packaging,2024-07-31 01:40:55.841766,7
5485,1207,Damaged Packaging,2024-08-15 01:40:55.841770,4
5486,1140,Changed Mind,2024-08-14 01:40:55.841774,5
5487,1402,Damaged Packaging,2024-07-24 01:40:55.841777,9
5488,1204,Wrong Item,2024-08-11 01:40:55.841781,8
5489,1201,Wrong Item,2024-08-04 01:40:55.841785,6
5490,1192,Defective,2024-08-12 01:40:55.841788,8
5491,1211,Changed Mind,2024-08-09 01:40:55.841792,7
5492,1285,Defective,2024-08-11 01:40:55.841796,4
5493,1279,Defective,2024-07-30 01:40:55.841799,7
5494,1167,Changed Mind,2024-08-02 01:40:55.841803,3
5495,1481,Wrong Item,2024-08-05 01:40:55.841807,1
5496,1282,Defective,2024-08-07 01:40:55.841810,1
5497,1276,Defective,2024-08-11 01:40:55.841814,6
5498,1366,Wrong Item,2024-08-14 01:40:55.841818,7
5499,1251,Defective,2024-08-08 01:40:55.841821,1
5500,1350,Defective,2024-07-18 01:40:55.841825,5
5501,1471,Changed Mind,2024-08-09 01:40:55.841829,4
5502,1135,Damaged Packaging,2024-07-27 01:40:55.841832,4
5503,1064,Changed Mind,2024-07-26 01:40:55.841836,1
5504,1053,Damaged Packaging,2024-08-01 01:40:55.841840,1
5505,1481,Defective,2024-08-07 01:40:55.841843,5
5506,1106,Damaged Packaging,2024-08-07 01:40:55.841847,4
5507,1195,Wrong Item,2024-08-14 01:40:55.841850,4
5508,1474,Damaged Packaging,2024-07-20 01:40:55.841854,9
5509,1104,Damaged Packaging,2024-07-29 01:40:55.841858,9
5510,1182,Wrong Item,2024-08-01 01:40:55.841862,9
5511,1395,Wrong Item,2024-08-15 01:40:55.841865,8
5512,1174,Defective,2024-07-27 01:40:55.841869,1
5513,1243,Damaged Packaging,2024-08-03 01:40:55.841873,9
5514,1358,Changed Mind,2024-08-11 01:40:55.841876,8
5515,1196,Damaged Packaging,2024-07-24 01:40:55.841880,5
5516,1472,Damaged Packaging,2024-08-15 01:40:55.841883,8
5517,1283,Damaged Packaging,2024-08-02 01:40:55.841887,3
5518,1314,Defective,2024-07-21 01:40:55.841891,9
5519,1343,Changed Mind,2024-08-07 01:40:55.841894,8
5520,1117,Changed Mind,2024-07-28 01:40:55.841898,1
5521,1212,Defective,2024-08-05 01:40:55.841902,9
5522,1246,Defective,2024-08-08 01:40:55.841907,1
5523,1434,Defective,2024-08-12 01:40:55.841911,3
5524,1017,Changed Mind,2024-08-05 01:40:55.841915,6
5525,1168,Changed Mind,2024-08-04 01:40:55.841918,6
5526,1473,Changed Mind,2024-08-03 01:40:55.841922,4
5527,1216,Changed Mind,2024-07-26 01:40:55.841926,1
5528,1392,Defective,2024-08-11 01:40:55.841929,1
5529,1104,Defective,2024-07-21 01:40:55.841933,9
5530,1056,Damaged Packaging,2024-08-11 01:40:55.841937,6
5531,1222,Wrong Item,2024-08-11 01:40:55.841940,5
5532,1097,Damaged Packaging,2024-08-15 01:40:55.841944,7
5533,1166,Defective,2024-07-24 01:40:55.841948,3
5534,1209,Defective,2024-07-27 01:40:55.841952,3
5535,1171,Wrong Item,2024-08-02 01:40:55.841955,2
5536,1301,Defective,2024-08-09 01:40:55.841959,7
5537,1082,Changed Mind,2024-08-15 01:40:55.841962,6
5538,1421,Defective,2024-07-31 01:40:55.841966,8
5539,1038,Defective,2024-08-05 01:40:55.841970,5
5540,1206,Damaged Packaging,2024-07-21 01:40:55.841973,8
5541,1210,Damaged Packaging,2024-07-31 01:40:55.841977,3
5542,1007,Changed Mind,2024-08-01 01:40:55.841981,2
5543,1201,Changed Mind,2024-08-10 01:40:55.841984,9
5544,1413,Defective,2024-07-31 01:40:55.841988,5
5545,1464,Damaged Packaging,2024-08-07 01:40:55.841991,4
5546,1138,Wrong Item,2024-08-03 01:40:55.841995,7
5547,1180,Changed Mind,2024-08-04 01:40:55.841999,7
5548,1468,Wrong Item,2024-08-13 01:40:55.842002,8
5549,1196,Changed Mind,2024-08-13 01:40:55.842006,3
5550,1136,Changed Mind,2024-07-31 01:40:55.842009,6
5551,1426,Changed Mind,2024-07-21 01:40:55.842013,9
5552,1328,Changed Mind,2024-07-25 01:40:55.842017,5
5553,1339,Changed Mind,2024-08-07 01:40:55.842020,8
5554,1192,Defective,2024-08-02 01:40:55.842024,7
5555,1427,Damaged Packaging,2024-07-20 01:40:55.842028,3
5556,1278,Wrong Item,2024-08-03 01:40:55.842031,8
5557,1260,Changed Mind,2024-07-25 01:40:55.842035,7
5558,1268,Damaged Packaging,2024-07-20 01:40:55.842039,4
5559,1367,Defective,2024-08-12 01:40:55.842043,7
5560,1204,Wrong Item,2024-08-03 01:40:55.842046,2
5561,1364,Changed Mind,2024-08-04 01:40:55.842050,3
5562,1438,Changed Mind,2024-07-31 01:40:55.842053,2
5563,1389,Defective,2024-07-19 01:40:55.842057,4
5564,1345,Damaged Packaging,2024-07-23 01:40:55.842061,9
5565,1314,Wrong Item,2024-08-08 01:40:55.842064,8
5566,1484,Wrong Item,2024-07-26 01:40:55.842068,6
5567,1114,Wrong Item,2024-07-25 01:40:55.842072,6
5568,1179,Changed Mind,2024-08-13 01:40:55.842076,5
5569,1357,Damaged Packaging,2024-07-19 01:40:55.842079,1
5570,1360,Defective,2024-07-25 01:40:55.842083,1
5571,1473,Changed Mind,2024-08-08 01:40:55.842087,5
5572,1307,Damaged Packaging,2024-08-05 01:40:55.842090,6
5573,1387,Defective,2024-07-23 01:40:55.842094,6
5574,1231,Changed Mind,2024-07-22 01:40:55.842098,6
5575,1108,Damaged Packaging,2024-07-25 01:40:55.842101,2
5576,1427,Changed Mind,2024-07-25 01:40:55.842105,8
5577,1265,Damaged Packaging,2024-08-07 01:40:55.842109,6
5578,1092,Damaged Packaging,2024-07-29 01:40:55.842113,5
5579,1138,Changed Mind,2024-08-14 01:40:55.842116,9
5580,1185,Defective,2024-07-19 01:40:55.842120,2
5581,1481,Changed Mind,2024-08-06 01:40:55.842124,8
5582,1380,Wrong Item,2024-08-04 01:40:55.842127,6
5583,1318,Changed Mind,2024-08-04 01:40:55.842131,4
5584,1411,Changed Mind,2024-07-24 01:40:55.842134,9
5585,1359,Defective,2024-08-14 01:40:55.842138,3
5586,1019,Defective,2024-08-05 01:40:55.842142,7
5587,1070,Damaged Packaging,2024-07-21 01:40:55.842146,2
5588,1327,Damaged Packaging,2024-07-26 01:40:55.842149,2
5589,1365,Damaged Packaging,2024-07-22 01:40:55.842153,5
5590,1360,Wrong Item,2024-08-14 01:40:55.842157,1
5591,1335,Wrong Item,2024-07-18 01:40:55.842160,4
5592,1394,Defective,2024-07-24 01:40:55.842164,2
5593,1200,Defective,2024-07-28 01:40:55.842167,2
5594,1412,Wrong Item,2024-08-14 01:40:55.842171,2
5595,1061,Changed Mind,2024-07-30 01:40:55.842175,5
5596,1059,Defective,2024-07-29 01:40:55.842179,7
5597,1189,Damaged Packaging,2024-08-05 01:40:55.842182,2
5598,1340,Damaged Packaging,2024-08-08 01:40:55.842186,8
5599,1075,Defective,2024-08-09 01:40:55.842190,8
5600,1265,Damaged Packaging,2024-08-04 01:40:55.842193,6
5601,1042,Wrong Item,2024-08-09 01:40:55.842197,4
5602,1261,Changed Mind,2024-08-14 01:40:55.842201,8
5603,1128,Damaged Packaging,2024-08-08 01:40:55.842204,9
5604,1287,Damaged Packaging,2024-07-18 01:40:55.842208,2
5605,1241,Damaged Packaging,2024-07-25 01:40:55.842212,8
5606,1359,Wrong Item,2024-07-29 01:40:55.842221,2
5607,1077,Defective,2024-07-25 01:40:55.842225,9
5608,1296,Damaged Packaging,2024-07-19 01:40:55.842228,4
5609,1044,Wrong Item,2024-08-04 01:40:55.842232,9
5610,1295,Defective,2024-08-09 01:40:55.842236,3
5611,1279,Changed Mind,2024-07-27 01:40:55.842239,6
5612,1162,Wrong Item,2024-07-24 01:40:55.842243,2
5613,1369,Wrong Item,2024-08-11 01:40:55.842247,5
5614,1098,Damaged Packaging,2024-08-09 01:40:55.842250,5
5615,1307,Defective,2024-08-05 01:40:55.842254,4
5616,1311,Defective,2024-07-18 01:40:55.842258,9
5617,1026,Changed Mind,2024-07-29 01:40:55.842261,6
5618,1312,Wrong Item,2024-08-06 01:40:55.842265,6
5619,1392,Changed Mind,2024-08-12 01:40:55.842269,6
5620,1243,Changed Mind,2024-08-13 01:40:55.842272,3
5621,1246,Changed Mind,2024-07-21 01:40:55.842276,1
5622,1006,Changed Mind,2024-07-24 01:40:55.842280,8
5623,1060,Defective,2024-07-20 01:40:55.842283,2
5624,1251,Defective,2024-07-26 01:40:55.842287,9
5625,1401,Changed Mind,2024-07-21 01:40:55.842291,6
5626,1246,Wrong Item,2024-07-28 01:40:55.842295,1
5627,1074,Changed Mind,2024-08-09 01:40:55.842298,5
5628,1130,Damaged Packaging,2024-08-03 01:40:55.842302,5
5629,1133,Changed Mind,2024-08-02 01:40:55.842305,2
5630,1011,Wrong Item,2024-07-22 01:40:55.842309,9
5631,1414,Changed Mind,2024-08-06 01:40:55.842313,9
5632,1060,Wrong Item,2024-07-28 01:40:55.842316,2
5633,1130,Damaged Packaging,2024-07-21 01:40:55.842320,9
5634,1312,Defective,2024-07-22 01:40:55.842324,8
5635,1102,Defective,2024-08-06 01:40:55.842328,1
5636,1017,Wrong Item,2024-08-01 01:40:55.842331,8
5637,1301,Wrong Item,2024-07-24 01:40:55.842335,7
5638,1438,Defective,2024-07-28 01:40:55.842339,3
5639,1209,Wrong Item,2024-08-12 01:40:55.842342,5
5640,1387,Defective,2024-07-29 01:40:55.842346,7
5641,1317,Wrong Item,2024-07-18 01:40:55.842350,9
5642,1203,Wrong Item,2024-07-28 01:40:55.842354,8
5643,1256,Damaged Packaging,2024-07-27 01:40:55.842357,8
5644,1067,Defective,2024-08-03 01:40:55.842361,5
5645,1179,Damaged Packaging,2024-08-02 01:40:55.842365,9
5646,1093,Wrong Item,2024-07-31 01:40:55.842368,5
5647,1316,Wrong Item,2024-08-16 01:40:55.842372,9
5648,1163,Damaged Packaging,2024-08-06 01:40:55.842375,3
5649,1257,Damaged Packaging,2024-07-22 01:40:55.842379,1
5650,1440,Damaged Packaging,2024-08-13 01:40:55.842383,9
5651,1100,Damaged Packaging,2024-08-07 01:40:55.842386,6
5652,1231,Defective,2024-08-11 01:40:55.842390,4
5653,1253,Damaged Packaging,2024-07-27 01:40:55.842394,9
5654,1295,Wrong Item,2024-08-04 01:40:55.842398,4
5655,1010,Changed Mind,2024-07-29 01:40:55.842401,6
5656,1162,Damaged Packaging,2024-07-26 01:40:55.842405,6
5657,1292,Defective,2024-07-31 01:40:55.842408,3
5658,1437,Defective,2024-07-18 01:40:55.842412,9
5659,1216,Defective,2024-08-06 01:40:55.842416,7
5660,1434,Wrong Item,2024-07-24 01:40:55.842420,2
5661,1192,Defective,2024-07-26 01:40:55.842423,4
5662,1086,Changed Mind,2024-08-08 01:40:55.842427,1
5663,1372,Wrong Item,2024-08-05 01:40:55.842431,1
5664,1034,Damaged Packaging,2024-07-18 01:40:55.842434,5
5665,1329,Defective,2024-08-02 01:40:55.842438,1
5666,1221,Wrong Item,2024-07-26 01:40:55.842442,6
5667,1415,Wrong Item,2024-08-13 01:40:55.842445,8
5668,1307,Changed Mind,2024-08-09 01:40:55.842449,9
5669,1014,Defective,2024-07-24 01:40:55.842452,6
5670,1345,Wrong Item,2024-08-07 01:40:55.842456,5
5671,1003,Damaged Packaging,2024-07-29 01:40:55.842460,8
5672,1442,Defective,2024-07-24 01:40:55.842463,4
5673,1335,Defective,2024-07-19 01:40:55.842467,9
5674,1016,Changed Mind,2024-07-25 01:40:55.842471,1
5675,1461,Wrong Item,2024-08-15 01:40:55.842475,8
5676,1241,Damaged Packaging,2024-07-29 01:40:55.842478,6
5677,1257,Changed Mind,2024-07-27 01:40:55.842482,5
5678,1231,Wrong Item,2024-07-18 01:40:55.842486,4
5679,1292,Damaged Packaging,2024-07-31 01:40:55.842489,8
5680,1370,Wrong Item,2024-07-29 01:40:55.842493,2
5681,1073,Damaged Packaging,2024-08-07 01:40:55.842497,8
5682,1485,Defective,2024-08-04 01:40:55.842500,3
5683,1153,Wrong Item,2024-07-19 01:40:55.842504,2
5684,1118,Damaged Packaging,2024-08-08 01:40:55.842508,2
5685,1349,Damaged Packaging,2024-07-22 01:40:55.842511,8
5686,1239,Defective,2024-07-18 01:40:55.842515,9
5687,1477,Changed Mind,2024-07-29 01:40:55.842519,3
5688,1257,Damaged Packaging,2024-07-20 01:40:55.842523,1
5689,1053,Wrong Item,2024-07-30 01:40:55.842526,8
5690,1019,Wrong Item,2024-07-21 01:40:55.842531,9
5691,1269,Defective,2024-07-25 01:40:55.842535,1
5692,1287,Changed Mind,2024-08-15 01:40:55.842539,8
5693,1206,Wrong Item,2024-07-20 01:40:55.842543,5
5694,1393,Defective,2024-08-11 01:40:55.842546,9
5695,1306,Changed Mind,2024-07-27 01:40:55.842550,4
5696,1345,Defective,2024-08-16 01:40:55.842554,2
5697,1010,Damaged Packaging,2024-08-06 01:40:55.842557,1
5698,1492,Damaged Packaging,2024-07-23 01:40:55.842561,9
5699,1255,Damaged Packaging,2024-08-12 01:40:55.842565,7
5700,1290,Changed Mind,2024-08-08 01:40:55.842568,7
5701,1062,Damaged Packaging,2024-08-11 01:40:55.842572,7
5702,1240,Changed Mind,2024-07-24 01:40:55.842576,9
5703,1248,Damaged Packaging,2024-07-25 01:40:55.842579,6
5704,1171,Damaged Packaging,2024-08-06 01:40:55.842583,3
5705,1336,Defective,2024-07-28 01:40:55.842587,2
5706,1132,Wrong Item,2024-07-24 01:40:55.842590,6
5707,1173,Defective,2024-08-11 01:40:55.842594,8
5708,1344,Wrong Item,2024-07-25 01:40:55.842598,2
5709,1191,Damaged Packaging,2024-08-06 01:40:55.842602,9
5710,1145,Changed Mind,2024-07-21 01:40:55.842605,7
5711,1358,Damaged Packaging,2024-08-05 01:40:55.842609,8
5712,1376,Damaged Packaging,2024-08-08 01:40:55.842612,8
5713,1035,Defective,2024-07-25 01:40:55.842616,1
5714,1169,Changed Mind,2024-07-28 01:40:55.842620,6
5715,1465,Damaged Packaging,2024-08-09 01:40:55.842623,8
5716,1368,Defective,2024-08-09 01:40:55.842627,9
5717,1318,Damaged Packaging,2024-08-02 01:40:55.842631,1
5718,1174,Damaged Packaging,2024-07-18 01:40:55.842634,4
5719,1159,Damaged Packaging,2024-08-04 01:40:55.842638,6
5720,1465,Defective,2024-08-15 01:40:55.842642,8
5721,1153,Defective,2024-07-24 01:40:55.842645,9
5722,1358,Damaged Packaging,2024-08-10 01:40:55.842649,6
5723,1126,Changed Mind,2024-08-09 01:40:55.842653,9
5724,1500,Damaged Packaging,2024-08-04 01:40:55.842656,8
5725,1049,Changed Mind,2024-08-05 01:40:55.842660,7
5726,1013,Wrong Item,2024-08-06 01:40:55.842663,7
5727,1227,Changed Mind,2024-08-05 01:40:55.842667,4
5728,1004,Defective,2024-08-11 01:40:55.842671,5
5729,1484,Damaged Packaging,2024-08-05 01:40:55.842674,8
5730,1053,Damaged Packaging,2024-08-03 01:40:55.842678,7
5731,1318,Damaged Packaging,2024-08-10 01:40:55.842681,6
5732,1444,Damaged Packaging,2024-07-31 01:40:55.842685,1
5733,1163,Damaged Packaging,2024-07-20 01:40:55.842689,4
5734,1192,Damaged Packaging,2024-07-26 01:40:55.842692,9
5735,1390,Wrong Item,2024-08-13 01:40:55.842696,2
5736,1090,Damaged Packaging,2024-07-31 01:40:55.842700,3
5737,1354,Wrong Item,2024-08-13 01:40:55.842703,1
5738,1379,Defective,2024-07-31 01:40:55.842707,6
5739,1312,Damaged Packaging,2024-07-24 01:40:55.842711,2
5740,1146,Defective,2024-08-06 01:40:55.842714,9
5741,1360,Defective,2024-07-30 01:40:55.842718,5
5742,1459,Changed Mind,2024-08-15 01:40:55.842722,4
5743,1015,Defective,2024-08-03 01:40:55.842725,6
5744,1304,Defective,2024-07-28 01:40:55.842729,6
5745,1167,Wrong Item,2024-07-23 01:40:55.842733,6
5746,1314,Damaged Packaging,2024-08-08 01:40:55.842736,6
5747,1265,Wrong Item,2024-07-26 01:40:55.842740,3
5748,1044,Defective,2024-07-25 01:40:55.842744,6
5749,1270,Defective,2024-08-14 01:40:55.842747,1
5750,1279,Wrong Item,2024-07-29 01:40:55.842751,5
5751,1434,Defective,2024-08-08 01:40:55.842754,3
5752,1451,Damaged Packaging,2024-07-27 01:40:55.842758,1
5753,1478,Defective,2024-07-26 01:40:55.842762,6
5754,1200,Changed Mind,2024-07-24 01:40:55.842765,7
5755,1011,Changed Mind,2024-08-05 01:40:55.842769,6
5756,1280,Damaged Packaging,2024-08-09 01:40:55.842773,4
5757,1097,Changed Mind,2024-08-13 01:40:55.842776,1
5758,1221,Wrong Item,2024-07-24 01:40:55.842780,8
5759,1083,Damaged Packaging,2024-07-20 01:40:55.842783,1
5760,1369,Wrong Item,2024-08-13 01:40:55.842787,8
5761,1361,Damaged Packaging,2024-07-22 01:40:55.842791,1
5762,1038,Damaged Packaging,2024-07-21 01:40:55.842795,7
5763,1005,Changed Mind,2024-07-28 01:40:55.842798,5
5764,1246,Damaged Packaging,2024-08-09 01:40:55.842802,9
5765,1238,Defective,2024-07-18 01:40:55.842806,4
5766,1036,Defective,2024-07-30 01:40:55.842809,1
5767,1448,Wrong Item,2024-07-20 01:40:55.842813,8
5768,1317,Damaged Packaging,2024-08-15 01:40:55.842817,2
5769,1462,Wrong Item,2024-08-10 01:40:55.842820,3
5770,1048,Wrong Item,2024-08-10 01:40:55.842824,7
5771,1354,Wrong Item,2024-07-27 01:40:55.842828,9
5772,1064,Damaged Packaging,2024-08-02 01:40:55.842831,4
5773,1188,Wrong Item,2024-07-31 01:40:55.842835,3
5774,1178,Changed Mind,2024-08-12 01:40:55.842840,6
5775,1328,Changed Mind,2024-07-31 01:40:55.842844,2
5776,1464,Damaged Packaging,2024-08-10 01:40:55.842848,4
5777,1444,Changed Mind,2024-08-02 01:40:55.842851,7
5778,1152,Damaged Packaging,2024-07-19 01:40:55.842855,7
5779,1153,Defective,2024-07-26 01:40:55.842859,4
5780,1351,Wrong Item,2024-08-16 01:40:55.842862,9
5781,1121,Defective,2024-08-11 01:40:55.842866,1
5782,1270,Wrong Item,2024-08-07 01:40:55.842870,3
5783,1310,Changed Mind,2024-08-03 01:40:55.842873,6
5784,1421,Changed Mind,2024-07-20 01:40:55.842877,7
5785,1316,Wrong Item,2024-08-07 01:40:55.842881,4
5786,1400,Wrong Item,2024-08-08 01:40:55.842884,7
5787,1001,Defective,2024-08-07 01:40:55.842888,2
5788,1359,Damaged Packaging,2024-08-04 01:40:55.842892,3
5789,1348,Wrong Item,2024-08-02 01:40:55.842904,9
5790,1194,Defective,2024-08-14 01:40:55.842907,9
5791,1066,Wrong Item,2024-07-29 01:40:55.842911,6
5792,1070,Wrong Item,2024-08-11 01:40:55.842915,3
5793,1231,Damaged Packaging,2024-07-30 01:40:55.842919,4
5794,1142,Changed Mind,2024-08-10 01:40:55.842922,3
5795,1215,Defective,2024-08-04 01:40:55.842926,7
5796,1374,Changed Mind,2024-07-25 01:40:55.842930,7
5797,1303,Wrong Item,2024-08-12 01:40:55.842933,9
5798,1082,Wrong Item,2024-08-09 01:40:55.842937,6
5799,1492,Defective,2024-08-13 01:40:55.842941,6
5800,1029,Damaged Packaging,2024-07-29 01:40:55.842944,8
5801,1496,Damaged Packaging,2024-07-22 01:40:55.842948,2
5802,1492,Wrong Item,2024-08-12 01:40:55.842951,1
5803,1184,Defective,2024-07-26 01:40:55.842955,3
5804,1340,Changed Mind,2024-08-03 01:40:55.842959,9
5805,1457,Changed Mind,2024-08-07 01:40:55.842962,7
5806,1483,Damaged Packaging,2024-08-01 01:40:55.842966,2
5807,1433,Changed Mind,2024-07-22 01:40:55.842970,8
5808,1174,Changed Mind,2024-08-04 01:40:55.842973,2
5809,1490,Wrong Item,2024-07-19 01:40:55.842977,3
5810,1348,Damaged Packaging,2024-08-09 01:40:55.842981,9
5811,1332,Changed Mind,2024-07-30 01:40:55.842984,9
5812,1107,Defective,2024-08-13 01:40:55.842988,2
5813,1339,Defective,2024-07-31 01:40:55.842991,9
5814,1119,Changed Mind,2024-07-21 01:40:55.842995,7
5815,1261,Wrong Item,2024-08-02 01:40:55.842999,1
5816,1142,Defective,2024-08-08 01:40:55.843002,8
5817,1156,Changed Mind,2024-08-10 01:40:55.843006,4
5818,1043,Wrong Item,2024-07-28 01:40:55.843010,7
5819,1114,Damaged Packaging,2024-07-28 01:40:55.843013,9
5820,1094,Damaged Packaging,2024-08-02 01:40:55.843017,9
5821,1437,Damaged Packaging,2024-07-21 01:40:55.843021,3
5822,1244,Wrong Item,2024-07-30 01:40:55.843024,4
5823,1109,Defective,2024-08-02 01:40:55.843028,2
5824,1014,Damaged Packaging,2024-08-01 01:40:55.843032,7
5825,1329,Wrong Item,2024-07-29 01:40:55.843035,4
5826,1367,Changed Mind,2024-07-18 01:40:55.843039,2
5827,1152,Wrong Item,2024-08-14 01:40:55.843043,1
5828,1192,Damaged Packaging,2024-07-24 01:40:55.843046,4
5829,1416,Changed Mind,2024-08-14 01:40:55.843050,8
5830,1434,Damaged Packaging,2024-08-11 01:40:55.843054,4
5831,1436,Defective,2024-08-13 01:40:55.843057,8
5832,1232,Wrong Item,2024-07-26 01:40:55.843061,3
5833,1201,Wrong Item,2024-07-21 01:40:55.843065,8
5834,1079,Damaged Packaging,2024-07-25 01:40:55.843068,6
5835,1190,Damaged Packaging,2024-07-25 01:40:55.843072,6
5836,1449,Defective,2024-08-06 01:40:55.843076,8
5837,1443,Damaged Packaging,2024-07-25 01:40:55.843079,4
5838,1399,Wrong Item,2024-07-28 01:40:55.843083,5
5839,1460,Damaged Packaging,2024-08-07 01:40:55.843087,4
5840,1324,Damaged Packaging,2024-08-07 01:40:55.843090,9
5841,1496,Changed Mind,2024-07-26 01:40:55.843094,7
5842,1175,Changed Mind,2024-07-28 01:40:55.843098,4
5843,1139,Defective,2024-07-23 01:40:55.843101,3
5844,1350,Changed Mind,2024-08-13 01:40:55.843105,6
5845,1425,Damaged Packaging,2024-08-01 01:40:55.843109,6
5846,1241,Wrong Item,2024-07-27 01:40:55.843112,9
5847,1007,Defective,2024-07-29 01:40:55.843116,5
5848,1348,Changed Mind,2024-07-28 01:40:55.843120,4
5849,1370,Defective,2024-08-07 01:40:55.843123,1
5850,1405,Changed Mind,2024-07-18 01:40:55.843127,6
5851,1288,Damaged Packaging,2024-07-29 01:40:55.843131,2
5852,1275,Defective,2024-08-12 01:40:55.843134,9
5853,1142,Damaged Packaging,2024-07-20 01:40:55.843138,4
5854,1391,Defective,2024-08-01 01:40:55.843142,2
5855,1392,Wrong Item,2024-08-15 01:40:55.843145,3
5856,1342,Defective,2024-07-24 01:40:55.843149,9
5857,1407,Changed Mind,2024-07-28 01:40:55.843153,1
5858,1411,Changed Mind,2024-07-30 01:40:55.843158,7
5859,1039,Damaged Packaging,2024-08-04 01:40:55.843161,6
5860,1343,Damaged Packaging,2024-07-20 01:40:55.843165,4
5861,1163,Defective,2024-08-05 01:40:55.843169,7
5862,1064,Damaged Packaging,2024-08-01 01:40:55.843173,1
5863,1070,Damaged Packaging,2024-07-30 01:40:55.843177,8
5864,1142,Wrong Item,2024-08-03 01:40:55.843181,6
5865,1208,Changed Mind,2024-08-14 01:40:55.843185,4
5866,1137,Wrong Item,2024-07-24 01:40:55.843188,5
5867,1420,Damaged Packaging,2024-07-25 01:40:55.843192,7
5868,1060,Defective,2024-08-13 01:40:55.843196,5
5869,1213,Damaged Packaging,2024-08-13 01:40:55.843199,5
5870,1115,Damaged Packaging,2024-07-26 01:40:55.843203,6
5871,1242,Damaged Packaging,2024-07-21 01:40:55.843206,7
5872,1227,Changed Mind,2024-08-15 01:40:55.843210,1
5873,1249,Wrong Item,2024-07-29 01:40:55.843214,3
5874,1271,Changed Mind,2024-07-27 01:40:55.843217,3
5875,1407,Damaged Packaging,2024-08-01 01:40:55.843221,1
5876,1260,Changed Mind,2024-07-20 01:40:55.843225,4
5877,1205,Defective,2024-08-13 01:40:55.843229,7
5878,1050,Changed Mind,2024-07-22 01:40:55.843232,5
5879,1427,Defective,2024-07-25 01:40:55.843236,1
5880,1038,Wrong Item,2024-08-01 01:40:55.843240,5
5881,1040,Changed Mind,2024-07-24 01:40:55.843243,2
5882,1167,Defective,2024-08-01 01:40:55.843247,8
5883,1075,Wrong Item,2024-08-14 01:40:55.843250,6
5884,1469,Damaged Packaging,2024-08-03 01:40:55.843254,7
5885,1378,Defective,2024-07-31 01:40:55.843258,3
5886,1258,Changed Mind,2024-08-15 01:40:55.843261,6
5887,1150,Defective,2024-07-28 01:40:55.843265,2
5888,1054,Damaged Packaging,2024-08-14 01:40:55.843269,7
5889,1247,Defective,2024-07-31 01:40:55.843272,6
5890,1012,Wrong Item,2024-08-11 01:40:55.843276,3
5891,1441,Changed Mind,2024-07-24 01:40:55.843280,3
5892,1120,Damaged Packaging,2024-08-11 01:40:55.843283,2
5893,1231,Defective,2024-07-21 01:40:55.843287,1
5894,1055,Damaged Packaging,2024-07-18 01:40:55.843291,6
5895,1149,Damaged Packaging,2024-08-01 01:40:55.843295,1
5896,1479,Damaged Packaging,2024-07-19 01:40:55.843298,8
5897,1190,Wrong Item,2024-08-01 01:40:55.843302,8
5898,1311,Changed Mind,2024-08-08 01:40:55.843306,2
5899,1091,Damaged Packaging,2024-07-23 01:40:55.843309,5
5900,1098,Damaged Packaging,2024-07-31 01:40:55.843313,6
5901,1463,Defective,2024-07-27 01:40:55.843316,5
5902,1094,Changed Mind,2024-07-23 01:40:55.843320,8
5903,1052,Damaged Packaging,2024-07-26 01:40:55.843324,9
5904,1151,Defective,2024-07-26 01:40:55.843327,5
5905,1411,Changed Mind,2024-07-26 01:40:55.843331,7
5906,1108,Defective,2024-07-25 01:40:55.843335,2
5907,1390,Defective,2024-07-31 01:40:55.843338,5
5908,1483,Wrong Item,2024-08-14 01:40:55.843342,5
5909,1048,Changed Mind,2024-08-10 01:40:55.843345,6
5910,1222,Changed Mind,2024-08-12 01:40:55.843349,5
5911,1049,Wrong Item,2024-08-06 01:40:55.843353,7
5912,1241,Changed Mind,2024-08-12 01:40:55.843356,8
5913,1010,Defective,2024-07-30 01:40:55.843360,9
5914,1341,Changed Mind,2024-08-12 01:40:55.843364,2
5915,1368,Changed Mind,2024-08-06 01:40:55.843367,5
5916,1436,Changed Mind,2024-07-30 01:40:55.843371,1
5917,1133,Changed Mind,2024-07-24 01:40:55.843374,4
5918,1204,Changed Mind,2024-07-25 01:40:55.843378,9
5919,1001,Changed Mind,2024-08-04 01:40:55.843382,4
5920,1478,Defective,2024-07-25 01:40:55.843385,9
5921,1397,Changed Mind,2024-08-08 01:40:55.843389,7
5922,1115,Damaged Packaging,2024-07-31 01:40:55.843393,4
5923,1245,Damaged Packaging,2024-08-04 01:40:55.843396,6
5924,1149,Defective,2024-08-13 01:40:55.843400,6
5925,1252,Wrong Item,2024-07-30 01:40:55.843404,6
5926,1263,Damaged Packaging,2024-07-27 01:40:55.843407,2
5927,1102,Defective,2024-08-02 01:40:55.843411,9
5928,1287,Damaged Packaging,2024-08-04 01:40:55.843414,2
5929,1363,Damaged Packaging,2024-08-08 01:40:55.843418,8
5930,1270,Changed Mind,2024-08-05 01:40:55.843422,8
5931,1398,Defective,2024-07-29 01:40:55.843425,7
5932,1109,Wrong Item,2024-08-03 01:40:55.843429,5
5933,1350,Changed Mind,2024-07-19 01:40:55.843433,6
5934,1389,Changed Mind,2024-07-21 01:40:55.843436,3
5935,1403,Damaged Packaging,2024-07-19 01:40:55.843440,3
5936,1469,Changed Mind,2024-08-11 01:40:55.843444,6
5937,1073,Changed Mind,2024-08-09 01:40:55.843448,1
5938,1287,Damaged Packaging,2024-07-19 01:40:55.843451,1
5939,1123,Wrong Item,2024-07-31 01:40:55.843455,4
5940,1191,Defective,2024-08-09 01:40:55.843459,1
5941,1135,Wrong Item,2024-08-01 01:40:55.843462,4
5942,1286,Defective,2024-07-23 01:40:55.843468,5
5943,1383,Wrong Item,2024-08-07 01:40:55.843472,7
5944,1444,Changed Mind,2024-07-26 01:40:55.843476,5
5945,1105,Wrong Item,2024-08-15 01:40:55.843480,9
5946,1216,Changed Mind,2024-07-24 01:40:55.843483,3
5947,1165,Damaged Packaging,2024-08-05 01:40:55.843487,5
5948,1285,Damaged Packaging,2024-07-18 01:40:55.843491,6
5949,1282,Damaged Packaging,2024-07-30 01:40:55.843494,2
5950,1266,Damaged Packaging,2024-07-23 01:40:55.843498,2
5951,1035,Damaged Packaging,2024-08-11 01:40:55.843502,6
5952,1198,Changed Mind,2024-08-11 01:40:55.843505,1
5953,1411,Wrong Item,2024-07-22 01:40:55.843509,2
5954,1141,Changed Mind,2024-07-28 01:40:55.843513,9
5955,1434,Wrong Item,2024-08-14 01:40:55.843516,1
5956,1214,Defective,2024-08-04 01:40:55.843520,6
5957,1435,Damaged Packaging,2024-07-20 01:40:55.843523,5
5958,1356,Damaged Packaging,2024-08-04 01:40:55.843527,1
5959,1439,Damaged Packaging,2024-07-24 01:40:55.843531,8
5960,1406,Defective,2024-08-04 01:40:55.843534,3
5961,1175,Wrong Item,2024-08-03 01:40:55.843538,5
5962,1267,Wrong Item,2024-07-18 01:40:55.843542,4
5963,1208,Damaged Packaging,2024-07-23 01:40:55.843545,6
5964,1272,Changed Mind,2024-07-19 01:40:55.843549,2
5965,1409,Defective,2024-08-01 01:40:55.843553,2
5966,1494,Wrong Item,2024-08-03 01:40:55.843556,7
5967,1046,Defective,2024-07-31 01:40:55.843560,3
5968,1296,Wrong Item,2024-08-04 01:40:55.843564,5
5969,1059,Changed Mind,2024-08-03 01:40:55.843567,5
5970,1031,Wrong Item,2024-07-25 01:40:55.843571,7
5971,1290,Defective,2024-08-15 01:40:55.843574,9
5972,1395,Changed Mind,2024-08-16 01:40:55.843578,5
5973,1336,Damaged Packaging,2024-07-30 01:40:55.843582,7
5974,1388,Changed Mind,2024-07-18 01:40:55.843586,6
5975,1048,Damaged Packaging,2024-07-21 01:40:55.843590,5
5976,1479,Changed Mind,2024-07-31 01:40:55.843593,5
5977,1379,Wrong Item,2024-08-13 01:40:55.843597,7
5978,1188,Wrong Item,2024-08-13 01:40:55.843601,1
5979,1327,Defective,2024-07-19 01:40:55.843605,7
5980,1220,Defective,2024-08-03 01:40:55.843608,9
5981,1478,Defective,2024-07-29 01:40:55.843612,2
5982,1418,Wrong Item,2024-08-08 01:40:55.843616,9
5983,1478,Wrong Item,2024-07-22 01:40:55.843619,8
5984,1425,Defective,2024-08-09 01:40:55.843623,8
5985,1213,Defective,2024-08-01 01:40:55.843627,7
5986,1108,Wrong Item,2024-08-02 01:40:55.843630,4
5987,1325,Defective,2024-08-12 01:40:55.843634,9
5988,1214,Wrong Item,2024-08-12 01:40:55.843638,3
5989,1396,Wrong Item,2024-07-31 01:40:55.843641,2
5990,1293,Changed Mind,2024-08-16 01:40:55.843645,7
5991,1092,Wrong Item,2024-08-07 01:40:55.843648,2
5992,1202,Defective,2024-08-01 01:40:55.843652,6
5993,1242,Changed Mind,2024-08-06 01:40:55.843656,5
5994,1207,Damaged Packaging,2024-07-23 01:40:55.843659,4
5995,1172,Wrong Item,2024-07-23 01:40:55.843663,7
5996,1067,Damaged Packaging,2024-08-16 01:40:55.843667,2
5997,1183,Defective,2024-08-01 01:40:55.843670,2
5998,1085,Defective,2024-07-26 01:40:55.843674,2
5999,1397,Changed Mind,2024-08-10 01:40:55.843677,7
6000,1144,Damaged Packaging,2024-08-03 01:40:55.843681,5
